model,rouge1,rouge2,rougeL,bleu,perplexity,train_loss,val_loss,mean_token_accuracy
Qwen/Qwen2.5-0.5B-Instruct,0.36841199999999996,0.22867900000000005,0.308423,0.0,2.4003696572043993,0.9666108630826047,0.8756227493286133,0.785025118337069
